SpID,ElevationOptimum,ElevationTolerance,IslandSideOptimum,IslandSideTolerance,MaxHabitatSuitability,AdultMass,AlleeThreshold,DispAlpha,DispTailThinness,Annual,SpeciesType
4776.63,1,7,2,2,0.96,49.975,-0.1107,0.0157581,0.104375,0,2
4849.82,2,4,3,4,0.15,212.375,-0.65436,0.0137731,0.026875,0,2
4959.73,4,7,2,1,0.38,86.175,-0.538125,0.05,0.054375,0,2
5013.23,0,7,1,2,0.4,157.375,-0.19065,0.0434281,0.254375,0,2
5025.53,2,7,2,4,0.69,144.875,-0.32595,0.0187881,0.074375,0,2
5085.93,3,6,3,4,0.95,87.875,-0.126075,0.0452781,0.134375,0,2
5237.83,2,4,2,4,0.75,117.275,-0.2337,0.05,0.124375,1,2
5392.93,1,4,3,3,0.84,167.475,-0.49815,0.0283481,0.314375,0,2
